Tamaño,Speedup
400,3.924552
600,4.090986
800,4.135375
1200,3.517846
1600,3.565681
2400,4.030421
3200,4.759768
4800,4.982727
6400,4.629206
9600,4.823009
