Tamaño,Tiempo Promedio
400,0.037457
600,0.130077
800,0.320252
1200,1.48029
1600,4.192524
2400,15.194091
3200,39.520899
4800,131.644014
6400,322.552172
9600,1150.81718
