Tamaño,Tiempo Promedio
400,0.034262
600,0.11893
800,0.290592
1200,1.135892
1600,2.815606
2400,10.1448
3200,25.659204
4800,87.846146
6400,202.918273
9600,655.993156
