Tamaño,Tiempo Promedio
400,0.143204
600,0.504614
800,1.425313
1200,4.960476
1600,12.651653
2400,58.021999
3200,172.390672
4800,560.382157
6400,1265.786496
9600,4602.777516
