Tamaño,Tiempo Promedio
400,0.134463
600,0.486541
800,1.201707
1200,3.995893
1600,10.039554
2400,40.887817
3200,122.131846
4800,437.713382
6400,939.350412
9600,3163.86105
