Tamaño,Speedup
400,3.823157
600,3.879348
800,4.450598
1200,3.351016
1600,3.01767
2400,3.818721
3200,4.362013
4800,4.256799
6400,3.924285
9600,3.999573
